Unnamed: 0,consult,output
0,"
 SELECT DISTINCT?uri WHERE { <http://dbpedia.org/resource/Marine_Corps_Air_Station_Kaneohe_Bay> <http://dbpedia.org/property/architect>?uri.?uri <http://dbpedia.org/ontology/tenant>?uri2. <http://dbpedia.org/resource/New_Sanno_Hotel>?uri2 } 
","['output error: QueryBadFormed: A bad request has been sent to the endpoint: probably the SPARQL query is badly formed. \n\nResponse:\nb""Virtuoso 37000 Error SP030: SPARQL compiler, line 4: syntax error at \'}\' before \'}\'\\n\\nSPARQL query:\\ndefine sql:big-data-const 0\\n#output-format:application/sparql-results+json\\n\\n SELECT DISTINCT?uri WHERE { <http://dbpedia.org/resource/Marine_Corps_Air_Station_Kaneohe_Bay> <http://dbpedia.org/property/architect>?uri.?uri <http://dbpedia.org/ontology/tenant>?uri2. <http://dbpedia.org/resource/New_Sanno_Hotel>?uri2 } \\n""']"
1,"
SELECT DISTINCT?uri WHERE {?x <http://dbpedia.org/ontology/party> <http://dbpedia.org/resource/International_Muslim_Brotherhood>.?x <http://dbpedia.org/property/sect>?uri .?x <http://www.w3.org/1999/02-rdf-syntax-ns#type> <http://dbpedia.org/ontology/PoliticalParty>}
","{'head': {'link': [], 'vars': ['uri']}, 'results': {'distinct': False, 'ordered': True, 'bindings': []}}"
2,"
SELECT DISTINCT?uri WHERE {?uri <http://dbpedia.org/ontology/developer> ""Google"".?uri <http://dbpedia.org/ontology/author> ""Google"" }
","{'head': {'link': [], 'vars': ['uri']}, 'results': {'distinct': False, 'ordered': True, 'bindings': []}}"
3,"
 SELECT DISTINCT?uri WHERE { <http://dbpedia.org/resource/Sam_Loyd> <http://dbpedia.org/ontology/knownFor>?uri. <http://dbpediachiller/ontology/knownFor>?uri} 
","['output error: QueryBadFormed: A bad request has been sent to the endpoint: probably the SPARQL query is badly formed. \n\nResponse:\nb""Virtuoso 37000 Error SP030: SPARQL compiler, line 4: syntax error at \'}\' before \'}\'\\n\\nSPARQL query:\\ndefine sql:big-data-const 0\\n#output-format:application/sparql-results+json\\n\\n SELECT DISTINCT?uri WHERE { <http://dbpedia.org/resource/Sam_Loyd> <http://dbpedia.org/ontology/knownFor>?uri. <http://dbpediachiller/ontology/knownFor>?uri} \\n""']"
4,"
ASK WHERE { <http://dbpedia.org/resource/Peter_Piper_Pizza> <http://dbpedia.org/ontology/industry> <http://dbpedia.org/resource/Pizza> }
","{'head': {'link': []}, 'boolean': True}"
5,"
 SELECT DISTINCT?uri WHERE { <http://dbpedia.org/resource/Dream_Dancing> <http://dbpedia.org/property/artist>?uri. <http://dbpedia.org/resource/Joe_Pass> <http://dbpedia.org/ontology/associatedMusicalArtist>?uri } 
","{'head': {'link': [], 'vars': ['uri']}, 'results': {'distinct': False, 'ordered': True, 'bindings': []}}"
6,"
SELECT DISTINCT?uri WHERE {?uri <http://dbpedia.org/property/deputy> <http://dbpedia.org/resource/Neil_Brown_(Australian_politician)>.?uri <http://dbpedia.org/property/deputy> <http://dbpedia.org/resource/Andrew_Peacock>.?uri <http://www.w3.org/1999/0222-rdf-syntax-ns#type> <http://dbpedia.org/ontology/OfficeHolder>}
","{'head': {'link': [], 'vars': ['uri']}, 'results': {'distinct': False, 'ordered': True, 'bindings': []}}"
7,"
SELECT DISTINCT?uri WHERE { <http://dbpedia.org/resource/Focke-Wulf_260> <http://dbpedia.org/property/nationalOrigin>?uri. <http://dbpedia.org/resource/Start_+_Flug_H-101> <http://dbpedia.org/property/nationalOrigin>?uri. }
","{'head': {'link': [], 'vars': ['uri']}, 'results': {'distinct': False, 'ordered': True, 'bindings': []}}"
8,"
SELECT DISTINCT?uri WHERE {?uri <http://dbpedia.org/property/producer> <http://dbpedia.org/resource/Stephen_E._Ambrose>.?uri <http://dbpedia.org/property/writer> <http://dbpedia.org/resource/Erik_Jendresen> .?uri <http://www.w3.org/1999/02/22-rdf-syntax-ns#type> <http://dbpedia.org/ontology/TelevisionShow>}
","{'head': {'link': [], 'vars': ['uri']}, 'results': {'distinct': False, 'ordered': True, 'bindings': [{'uri': {'type': 'uri', 'value': 'http://dbpedia.org/resource/Band_of_Brothers_(miniseries)'}}]}}"
9,"
SELECT DISTINCT?uri WHERE {?uri <http://dbpedia.org/property/created>?created.?created <http://dbpedia.org/resource/Women_in_the_Garden>, <http://dbpedia.org/resource/L'Enfant_à_la_Tasse>. }
","['output error: QueryBadFormed: A bad request has been sent to the endpoint: probably the SPARQL query is badly formed. \n\nResponse:\nb""Virtuoso 37000 Error SP030: SPARQL compiler, line 4: syntax error at \',\' before \'<http://dbpedia.org/resource/L\'Enfant_\\xc3\\xa0_la_Tasse>\'\\n\\nSPARQL query:\\ndefine sql:big-data-const 0\\n#output-format:application/sparql-results+json\\n\\nSELECT DISTINCT?uri WHERE {?uri <http://dbpedia.org/property/created>?created.?created <http://dbpedia.org/resource/Women_in_the_Garden>, <http://dbpedia.org/resource/L\'Enfant_\\xc3\\xa0_la_Tasse>. }\\n""']"
10,"
SELECT DISTINCT?uri WHERE { <http://dbpedia.org/resource/Fergie_Sutherland> <http://dbpedia.org/property/race>?uri. <http://dbpedia.org/resource/War_of_Attrition> <http://dbpedia.org/property/race>?uri. }
","{'head': {'link': [], 'vars': ['uri']}, 'results': {'distinct': False, 'ordered': True, 'bindings': []}}"
11,"
SELECT DISTINCT?uri WHERE {?uri <http://dbpedia.org/property/artist> <http://dbpedia.org/resource/Christopher_Franke>.?uri <http://dbpedia.org/property/network> <http://dbpedia.org/resource/Prime_Time_Entertainment_Network>.?uri <http://www.w3.org/1999/02/22-rdf-syntax-ns#type> <http://dbpedia.org/ontology/TelevisionShow>}
","{'head': {'link': [], 'vars': ['uri']}, 'results': {'distinct': False, 'ordered': True, 'bindings': [{'uri': {'type': 'uri', 'value': 'http://dbpedia.org/resource/Babylon_5'}}]}}"
12,"
SELECT DISTINCT COUNT(?uri) WHERE {?x <http://dbpedia.org/property/battles> <http://dbpedia.org/resource/World_War_II>.?x <http://dbpedia.org/property/battles>?uri .?x <http://www.w3.org/1999/02-rdf-syntax-ns#type> <http://dbpedia.org/ontology/MilitaryPerson>}
","{'head': {'link': [], 'vars': ['callret-0']}, 'results': {'distinct': False, 'ordered': True, 'bindings': [{'callret-0': {'type': 'typed-literal', 'datatype': 'http://www.w3.org/2001/XMLSchema#integer', 'value': '0'}}]}}"
13,"
SELECT DISTINCT?uri WHERE {?uri <http://dbpedia.org/property/network> <http://dbpedia.org/resource/Comcast>.?uri <http://dbpedia.org/property/parentOrganization>?parent }
","{'head': {'link': [], 'vars': ['uri']}, 'results': {'distinct': False, 'ordered': True, 'bindings': []}}"
14,"
ASK WHERE { <http://dbpedia.org/resource/William_H_Blanchard> <http://dbpedia.org/property/placeofburial> <http://dbpedia.org/resource/Colorado> }
","{'head': {'link': []}, 'boolean': False}"
15,"
SELECT DISTINCT?uri WHERE { <http://dbpedia.org/resource/Vishwajyot_High_School> <http://dbpedia.org/ontology/sport>?uri.?uri <http://dbpedia.org/ontology/genre> ""Battle chess"" }
","{'head': {'link': [], 'vars': ['uri']}, 'results': {'distinct': False, 'ordered': True, 'bindings': []}}"
16,"
SELECT DISTINCT?uri WHERE {?x <http://dbpedia.org/property/district> <http://dbpedia.org/resource/Channel_(district)>.?x <http://dbpedia.org/ontology/state>?uri . }
","{'head': {'link': [], 'vars': ['uri']}, 'results': {'distinct': False, 'ordered': True, 'bindings': []}}"
17,"
SELECT DISTINCT?uri WHERE {?uri <http://dbpedia.org/property/mission> <http://dbpedia.org/resource/Apollo_11>.?uri <http://dbpedia.org/property/mission> <http://dbpedia.org/resource/Gemini_8>. }
","{'head': {'link': [], 'vars': ['uri']}, 'results': {'distinct': False, 'ordered': True, 'bindings': [{'uri': {'type': 'uri', 'value': 'http://dbpedia.org/resource/Neil_Armstrong'}}]}}"
18,"
SELECT DISTINCT COUNT(?uri) WHERE {?x <http://dbpedia.org/property/tenants> <http://dbpedia.org/resource/Raptors_905>.?x <http://dbpedia.org/property/tenants>?uri. FILTER(?uri!= <http://dbpedia.org/resource/Raptors_905>)}
","{'head': {'link': [], 'vars': ['callret-0']}, 'results': {'distinct': False, 'ordered': True, 'bindings': [{'callret-0': {'type': 'typed-literal', 'datatype': 'http://www.w3.org/2001/XMLSchema#integer', 'value': '0'}}]}}"
19,"
SELECT DISTINCT?uri WHERE { <http://dbpedia.org/resource/Dzogchen_Ponolop_Rinpoche> <http://dbpedia.org/property/location>?uri} 
","{'head': {'link': [], 'vars': ['uri']}, 'results': {'distinct': False, 'ordered': True, 'bindings': []}}"
20,"
SELECT DISTINCT?uri WHERE {?x <http://dbpedia.org/ontology/operatedBy> <http://dbpedia.org/resource/Massachusetts_Department_of_Transportation>.?x <http://dbpedia.org/property/owner>?uri .?x <http://www.w3.org/1999/02/22-rdf-syntax-ns#type> <http://dbpedia.org/ontology/RoadTunnel>}
","{'head': {'link': [], 'vars': ['uri']}, 'results': {'distinct': False, 'ordered': True, 'bindings': [{'uri': {'type': 'uri', 'value': 'http://dbpedia.org/resource/Massachusetts'}}]}}"
21,"
SELECT DISTINCT?uri WHERE { <http://dbpedia.org/resource/Saraband_(film)> <http://dbpedia.org/ontology/director>?x.?x <http://dbpedia.org/property/awards>?uri . }
","{'head': {'link': [], 'vars': ['uri']}, 'results': {'distinct': False, 'ordered': True, 'bindings': []}}"
22,"
SELECT DISTINCT?uri WHERE {?x <http://dbpedia.org/ontology/vicePresident> <http://dbpedia.org/resource/Enrique_José_Vargas_Varona>.?x <http://dbpedia.org/ontology/almaMater>?uri . }
","{'head': {'link': [], 'vars': ['uri']}, 'results': {'distinct': False, 'ordered': True, 'bindings': []}}"
23,"
 SELECT DISTINCT?uri WHERE { <http://dbpedia.org/resource/Birmingham_and_Oxford_Junction_Railway> <http://dbpedia.org/ontology/routeEnd>?uri } 
","{'head': {'link': [], 'vars': ['uri']}, 'results': {'distinct': False, 'ordered': True, 'bindings': [{'uri': {'type': 'uri', 'value': 'http://dbpedia.org/resource/Birmingham'}}]}}"
24,"
SELECT DISTINCT?uri WHERE {?x <http://dbpedia.org/ontology/species> <http://dbpedia.org/resource/Vitis_vinifera>.?x <http://dbpedia.org/ontology/origin>?uri . }
","{'head': {'link': [], 'vars': ['uri']}, 'results': {'distinct': False, 'ordered': True, 'bindings': [{'uri': {'type': 'uri', 'value': 'http://dbpedia.org/resource/Georgia_(country)'}}, {'uri': {'type': 'uri', 'value': 'http://dbpedia.org/resource/Croatia'}}, {'uri': {'type': 'uri', 'value': 'http://dbpedia.org/resource/Spain'}}, {'uri': {'type': 'uri', 'value': 'http://dbpedia.org/resource/Hungary'}}, {'uri': {'type': 'uri', 'value': 'http://dbpedia.org/resource/France'}}, {'uri': {'type': 'uri', 'value': 'http://dbpedia.org/resource/Germany'}}, {'uri': {'type': 'uri', 'value': 'http://dbpedia.org/resource/Lauffen_am_Neckar'}}, {'uri': {'type': 'uri', 'value': 'http://dbpedia.org/resource/Portugal'}}, {'uri': {'type': 'uri', 'value': 'http://dbpedia.org/resource/Austria'}}, {'uri': {'type': 'uri', 'value': 'http://dbpedia.org/resource/Klosterneuburg'}}, {'uri': {'type': 'uri', 'value': 'http://dbpedia.org/resource/Geisenheim'}}, {'uri': {'type': 'uri', 'value': 'http://dbpedia.org/resource/Switzerland'}}, {'uri': {'type': 'uri', 'value': 'http://dbpedia.org/resource/Italy'}}, {'uri': {'type': 'uri', 'value': 'http://dbpedia.org/resource/Greece'}}, {'uri': {'type': 'uri', 'value': 'http://dbpedia.org/resource/Bosnia_and_Herzegovina'}}, {'uri': {'type': 'uri', 'value': 'http://dbpedia.org/resource/California'}}, {'uri': {'type': 'uri', 'value': 'http://dbpedia.org/resource/Czechoslovakia'}}, {'uri': {'type': 'uri', 'value': 'http://dbpedia.org/resource/Moravia'}}, {'uri': {'type': 'uri', 'value': 'http://dbpedia.org/resource/Refosco'}}, {'uri': {'type': 'uri', 'value': 'http://dbpedia.org/resource/Slovenia'}}, {'uri': {'type': 'uri', 'value': 'http://dbpedia.org/resource/Friuli-Venezia_Giulia_wine'}}, {'uri': {'type': 'uri', 'value': 'http://dbpedia.org/resource/Cyprus'}}, {'uri': {'type': 'uri', 'value': 'http://dbpedia.org/resource/Republic_of_Macedonia'}}, {'uri': {'type': 'uri', 'value': 'http://dbpedia.org/resource/Lorraine'}}, {'uri': {'type': 'uri', 'value': 'http://dbpedia.org/resource/Rhine'}}, {'uri': {'type': 'uri', 'value': 'http://dbpedia.org/resource/Romania'}}, {'uri': {'type': 'uri', 'value': 'http://dbpedia.org/resource/Moldova'}}, {'uri': {'type': 'uri', 'value': 'http://dbpedia.org/resource/Ukraine'}}, {'uri': {'type': 'uri', 'value': 'http://dbpedia.org/resource/Serbia'}}, {'uri': {'type': 'uri', 'value': 'http://dbpedia.org/resource/Bulgaria'}}, {'uri': {'type': 'uri', 'value': 'http://dbpedia.org/resource/Moldavia'}}, {'uri': {'type': 'uri', 'value': 'http://dbpedia.org/resource/Palatinate_(wine_region)'}}, {'uri': {'type': 'uri', 'value': 'http://dbpedia.org/resource/Sicily'}}, {'uri': {'type': 'uri', 'value': 'http://dbpedia.org/resource/Alzey'}}, {'uri': {'type': 'uri', 'value': 'http://dbpedia.org/resource/Franconia_(wine_region)'}}, {'uri': {'type': 'uri', 'value': 'http://dbpedia.org/resource/Transylvania'}}, {'uri': {'type': 'uri', 'value': 'http://dbpedia.org/resource/Randersacker'}}, {'uri': {'type': 'uri', 'value': 'http://dbpedia.org/resource/Ardèche'}}, {'uri': {'type': 'uri', 'value': 'http://dbpedia.org/resource/Siebeldingen'}}, {'uri': {'type': 'uri', 'value': 'http://dbpedia.org/resource/German_wine'}}, {'uri': {'type': 'uri', 'value': 'http://dbpedia.org/resource/Austria-Hungary'}}, {'uri': {'type': 'uri', 'value': 'http://dbpedia.org/resource/Argentina'}}, {'uri': {'type': 'uri', 'value': 'http://dbpedia.org/resource/French_wine'}}, {'uri': {'type': 'uri', 'value': 'http://dbpedia.org/resource/Santorini'}}, {'uri': {'type': 'uri', 'value': 'http://dbpedia.org/resource/Italian_wine'}}, {'uri': {'type': 'uri', 'value': 'http://dbpedia.org/resource/Egypt'}}, {'uri': {'type': 'uri', 'value': 'http://dbpedia.org/resource/Freiburg_im_Breisgau'}}, {'uri': {'type': 'uri', 'value': 'http://dbpedia.org/resource/Thurgau'}}, {'uri': {'type': 'uri', 'value': 'http://dbpedia.org/resource/Bordeaux_wine'}}, {'uri': {'type': 'uri', 'value': 'http://dbpedia.org/resource/South_West_France_(wine_region)'}}, {'uri': {'type': 'uri', 'value': 'http://dbpedia.org/resource/United_States'}}, {'uri': {'type': 'uri', 'value': 'http://dbpedia.org/resource/Turkey'}}, {'uri': {'type': 'uri', 'value': 'http://dbpedia.org/resource/South_Africa'}}, {'uri': {'type': 'uri', 'value': 'http://dbpedia.org/resource/Alsace_wine'}}, {'uri': {'type': 'uri', 'value': 'http://dbpedia.org/resource/Burgundy'}}, {'uri': {'type': 'uri', 'value': 'http://dbpedia.org/resource/Montferrat'}}, {'uri': {'type': 'uri', 'value': 'http://dbpedia.org/resource/Loire'}}, {'uri': {'type': 'uri', 'value': 'http://dbpedia.org/resource/Montpellier'}}, {'uri': {'type': 'uri', 'value': 'http://dbpedia.org/resource/Slovakia'}}, {'uri': {'type': 'uri', 'value': 'http://dbpedia.org/resource/Province_of_Verona'}}, {'uri': {'type': 'uri', 'value': 'http://dbpedia.org/resource/Province_of_Vicenza'}}, {'uri': {'type': 'uri', 'value': 'http://dbpedia.org/resource/Maissau'}}, {'uri': {'type': 'uri', 'value': 'http://dbpedia.org/resource/Weinsberg'}}, {'uri': {'type': 'uri', 'value': 'http://dbpedia.org/resource/Jura_(department)'}}, {'uri': {'type': 'uri', 'value': 'http://dbpedia.org/resource/Central_Europe'}}, {'uri': {'type': 'uri', 'value': 'http://dbpedia.org/resource/Rheingau'}}, {'uri': {'type': 'uri', 'value': 'http://dbpedia.org/resource/Palatinate_(region)'}}, {'uri': {'type': 'uri', 'value': 'http://dbpedia.org/resource/Israel'}}]}}"
25,"
SELECT DISTINCT COUNT(?uri) WHERE {?x <http://dbpedia.org/ontology/deathPlace> <http://dbpedia.org/resource/Indiana>.?uri <http://dbpedia.org/ontology/child>?x . }
","{'head': {'link': [], 'vars': ['callret-0']}, 'results': {'distinct': False, 'ordered': True, 'bindings': [{'callret-0': {'type': 'typed-literal', 'datatype': 'http://www.w3.org/2001/XMLSchema#integer', 'value': '10'}}]}}"
26,"
SELECT DISTINCT?uri WHERE { <http://dbpedia.org/resource/William_French_Smith> <http://dbpedia.org/property/branch>?uri.?uri <http://www.w3.org/1999/02/22-rdf-syntax-ns#type> <http://dbpedia.org/ontology/MilitaryUnit>.?uri <http://dbpedia.org/property/branch> <http://dbpedia.org/resource/Pierre_R. Graham>}
","['output error: QueryBadFormed: A bad request has been sent to the endpoint: probably the SPARQL query is badly formed. \n\nResponse:\nb""Virtuoso 37000 Error SP030: SPARQL compiler, line 4: syntax error at \'<\' before \'http:\'\\n\\nSPARQL query:\\ndefine sql:big-data-const 0\\n#output-format:application/sparql-results+json\\n\\nSELECT DISTINCT?uri WHERE { <http://dbpedia.org/resource/William_French_Smith> <http://dbpedia.org/property/branch>?uri.?uri <http://www.w3.org/1999/02/22-rdf-syntax-ns#type> <http://dbpedia.org/ontology/MilitaryUnit>.?uri <http://dbpedia.org/property/branch> <http://dbpedia.org/resource/Pierre_R. Graham>}\\n""']"
27,None,"['output error: QueryBadFormed: A bad request has been sent to the endpoint: probably the SPARQL query is badly formed. \n\nResponse:\nb""Virtuoso 37000 Error SP030: SPARQL compiler, line 3: syntax error at \'None\' before \'}\'\\n\\nSPARQL query:\\ndefine sql:big-data-const 0\\n#output-format:application/sparql-results+json\\nNone""']"
28,"
SELECT DISTINCT?uri WHERE { <http://dbpedia.org/resource/Denver_Broncos> <http://dbpedia.org/ontology/locationCity>?uri. <http://dbpedia.org/resource/Steven_Clark_Cunningham> <http://dbpedia.org/property/placeOfBirth>?uri} 
","{'head': {'link': [], 'vars': ['uri']}, 'results': {'distinct': False, 'ordered': True, 'bindings': []}}"
29,"
SELECT DISTINCT?uri WHERE {?x <http://dbpedia.org/ontology/founder>?y.?y <http://dbpedia.org/property/religion>?uri. }
","{'head': {'link': [], 'vars': ['uri']}, 'results': {'distinct': False, 'ordered': True, 'bindings': [{'uri': {'type': 'literal', 'xml:lang': 'en', 'value': 'Ethiopian Christian'}}, {'uri': {'type': 'uri', 'value': 'http://dbpedia.org/resource/Islam'}}, {'uri': {'type': 'uri', 'value': 'http://dbpedia.org/resource/Catholic_Church'}}, {'uri': {'type': 'literal', 'xml:lang': 'en', 'value': 'Jewish'}}, {'uri': {'type': 'uri', 'value': 'http://dbpedia.org/resource/Hinduism'}}, {'uri': {'type': 'literal', 'xml:lang': 'en', 'value': 'The Church of Jesus Christ of Latter-day Saints'}}, {'uri': {'type': 'literal', 'xml:lang': 'en', 'value': 'Roman Catholic'}}, {'uri': {'type': 'uri', 'value': 'http://dbpedia.org/resource/Catholicism'}}, {'uri': {'type': 'literal', 'xml:lang': 'en', 'value': 'Baptist'}}, {'uri': {'type': 'literal', 'xml:lang': 'en', 'value': 'Catholic'}}, {'uri': {'type': 'uri', 'value': 'http://dbpedia.org/resource/Eastern_Orthodox_Church'}}, {'uri': {'type': 'uri', 'value': 'http://dbpedia.org/resource/Ancient_Canaanite_religion'}}, {'uri': {'type': 'literal', 'xml:lang': 'en', 'value': 'Church of England'}}, {'uri': {'type': 'uri', 'value': 'http://dbpedia.org/resource/Judaism'}}, {'uri': {'type': 'literal', 'xml:lang': 'en', 'value': 'Sunni Islam'}}, {'uri': {'type': 'uri', 'value': 'http://dbpedia.org/resource/Ancient_Greek_religion'}}, {'uri': {'type': 'uri', 'value': 'http://dbpedia.org/resource/Episcopal_Church_(United_States)'}}, {'uri': {'type': 'literal', 'xml:lang': 'en', 'value': 'or Deism'}}, {'uri': {'type': 'uri', 'value': 'http://dbpedia.org/resource/Greek_Orthodox_Church_of_Antioch'}}, {'uri': {'type': 'uri', 'value': 'http://dbpedia.org/resource/Theravada'}}, {'uri': {'type': 'uri', 'value': 'http://dbpedia.org/resource/Shia_Islam'}}, {'uri': {'type': 'uri', 'value': 'http://dbpedia.org/resource/Zaidiyyah'}}, {'uri': {'type': 'uri', 'value': 'http://dbpedia.org/resource/Christian_denomination'}}, {'uri': {'type': 'uri', 'value': 'http://dbpedia.org/resource/Anglicanism'}}, {'uri': {'type': 'uri', 'value': 'http://dbpedia.org/resource/Quakers'}}, {'uri': {'type': 'literal', 'xml:lang': 'en', 'value': 'Presbyterian, Ecumenical'}}, {'uri': {'type': 'uri', 'value': 'http://dbpedia.org/resource/Church_of_Sweden'}}, {'uri': {'type': 'literal', 'xml:lang': 'en', 'value': '(prev. Roman Catholicism)'}}, {'uri': {'type': 'uri', 'value': 'http://dbpedia.org/resource/Serbian_Orthodox_Church'}}, {'uri': {'type': 'uri', 'value': 'http://dbpedia.org/resource/Christianity'}}, {'uri': {'type': 'uri', 'value': 'http://dbpedia.org/resource/Orthodox_Presbyterian_Church'}}, {'uri': {'type': 'uri', 'value': 'http://dbpedia.org/resource/Christianity_in_Sri_Lanka'}}, {'uri': {'type': 'uri', 'value': 'http://dbpedia.org/resource/Buddhism'}}, {'uri': {'type': 'uri', 'value': 'http://dbpedia.org/resource/Methodism'}}, {'uri': {'type': 'literal', 'xml:lang': 'en', 'value': 'Christianity'}}, {'uri': {'type': 'uri', 'value': 'http://dbpedia.org/resource/Puritans'}}, {'uri': {'type': 'uri', 'value': 'http://dbpedia.org/resource/Congregational_church'}}, {'uri': {'type': 'literal', 'xml:lang': 'en', 'value': 'Hinduism'}}, {'uri': {'type': 'uri', 'value': 'http://dbpedia.org/resource/The_Church_of_Jesus_Christ_of_Latter-day_Saints'}}, {'uri': {'type': 'uri', 'value': 'http://dbpedia.org/resource/Syriac_Orthodox_Church'}}, {'uri': {'type': 'uri', 'value': 'http://dbpedia.org/resource/Baptists'}}, {'uri': {'type': 'literal', 'xml:lang': 'en', 'value': 'Christian Orthodox'}}, {'uri': {'type': 'uri', 'value': 'http://dbpedia.org/resource/Sikhism'}}, {'uri': {'type': 'uri', 'value': 'http://dbpedia.org/resource/Evangelicalism'}}, {'uri': {'type': 'literal', 'xml:lang': 'en', 'value': 'Religious Scientist'}}, {'uri': {'type': 'uri', 'value': 'http://dbpedia.org/resource/Sunni_Islam'}}, {'uri': {'type': 'literal', 'xml:lang': 'en', 'value': 'Christian'}}, {'uri': {'type': 'literal', 'xml:lang': 'en', 'value': 'Islam'}}, {'uri': {'type': 'literal', 'xml:lang': 'en', 'value': 'Din-e Ilahi'}}, {'uri': {'type': 'uri', 'value': 'http://dbpedia.org/resource/Religion_in_Carthage'}}]}}"
30,"
 SELECT DISTINCT?manager WHERE { 
   ?team <http://dbpedia.org/property/managerclubs> <http://dbpedia.org/resource/England_national_under-20_football_team>.
   ?team <http://dbpedia.org/property/managerclubs> <http://dbpedia.org/resource/England_national_under-21_football_team>.
   ?team <http://dbpedia.org/property/manager>?manager.
 } 
","{'head': {'link': [], 'vars': ['manager']}, 'results': {'distinct': False, 'ordered': True, 'bindings': []}}"
31,"
SELECT DISTINCT COUNT(?uri) WHERE {?x <http://dbpedia.org/property/cities>?uri .?uri <http://www.w3.org/1999/02/22-rdf-syntax-ns#type> <http://dbpedia.org/ontology/City>.?x <http://dbpedia.org/property/meets>?y.?y <http://dbpedia.org/ontology/treeBay>?z}
","{'head': {'link': [], 'vars': ['callret-0']}, 'results': {'distinct': False, 'ordered': True, 'bindings': [{'callret-0': {'type': 'typed-literal', 'datatype': 'http://www.w3.org/2001/XMLSchema#integer', 'value': '0'}}]}}"
32,"
ASK WHERE { <http://dbpedia.org/resource/Blue_Lagoon_Island> <http://dbpedia.org/property/archipelago> <http://dbpedia.org/resource/The_Bahamas> }
","{'head': {'link': []}, 'boolean': True}"
33,"
SELECT DISTINCT?uri WHERE {?uri <http://dbpedia.org/ontology/distributor> <http://dbpedia.org/resource/RKO_Pictures>.?uri <http://dbpedia.org/ontology/musicComposer> <http://dbpedia.org/resource/Bernard_Herrmann> .?uri <http://www.w3.org/1999/02/22-rdf-syntax-ns#type> <http://dbpedia.org/ontology/Film>}
","{'head': {'link': [], 'vars': ['uri']}, 'results': {'distinct': False, 'ordered': True, 'bindings': [{'uri': {'type': 'uri', 'value': 'http://dbpedia.org/resource/On_Dangerous_Ground'}}, {'uri': {'type': 'uri', 'value': 'http://dbpedia.org/resource/The_Devil_and_Daniel_Webster_(film)'}}, {'uri': {'type': 'uri', 'value': 'http://dbpedia.org/resource/Citizen_Kane'}}]}}"
34,"
SELECT DISTINCT?uri WHERE { <http://dbpedia.org/resource/New_Way_Party> <http://dbpedia.org/property/mergeWith>?uri. FILTER (str(?uri) = ""Israel_Party"")}
","{'head': {'link': [], 'vars': ['uri']}, 'results': {'distinct': False, 'ordered': True, 'bindings': []}}"
35,"
SELECT (COUNT(DISTINCT?uri) AS?count) WHERE {?x <http://dbpedia.org/ontology/firstDriver> <http://dbpedia.org/resource/Damon_Hill>.?x <http://dbpedia.org/ontology/poleDriver>?uri .?x <http://www.w3.org/1999/02-rdf-syntax-ns#type> <http://dbpedia.org/ontology/GrandPrix>}
","{'head': {'link': [], 'vars': ['count']}, 'results': {'distinct': False, 'ordered': True, 'bindings': [{'count': {'type': 'typed-literal', 'datatype': 'http://www.w3.org/2001/XMLSchema#integer', 'value': '0'}}]}}"
36,"
SELECT DISTINCT?uri WHERE {?x <http://dbpedia.org/property/race> <http://dbpedia.org/resource/Dubai_World_Cup>.?x <http://dbpedia.org/ontology/Jockey>?uri . }
","{'head': {'link': [], 'vars': ['uri']}, 'results': {'distinct': False, 'ordered': True, 'bindings': []}}"
37,"
SELECT DISTINCT?uri WHERE {?x <http://dbpedia.org/property/founder> <http://dbpedia.org/resource/Bhagat_Singh_Mohan>.?uri <http://dbpedia.org/property/owners>?x .?uri <httphttp://www.w3.org/1999/02/22-rdf-syntax-ns#type> <http://dbpedia.org/ontology/Newspaper>}
","{'head': {'link': [], 'vars': ['uri']}, 'results': {'distinct': False, 'ordered': True, 'bindings': []}}"
38,"
SELECT DISTINCT?uri WHERE {?x <http://dbpedia.org/property/headquarters>?uri .?uri <http://www.w3.org/1999/02/22-rdf-syntax-ns#type> <http://dbpedia.org/ontology/Place>.?x <http://www.w3.org/1999/02/22-rdf-syntax-ns#type> <http://dbpedia.org/ontology/Airline>. FILTER (lang(?uri) = ""en"")}
","{'head': {'link': [], 'vars': ['uri']}, 'results': {'distinct': False, 'ordered': True, 'bindings': []}}"
39,"
SELECT DISTINCT?uri WHERE {?uri <http://dbpedia.org/ontology/founder> <http://dbpedia.org/resource/Ralph_J._Gleason> .?uri <http://www.w3.org/1999/02/22-rdf-syntax-ns#type> <http://dbpedia.org/ontology/Magazine>}
","{'head': {'link': [], 'vars': ['uri']}, 'results': {'distinct': False, 'ordered': True, 'bindings': [{'uri': {'type': 'uri', 'value': 'http://dbpedia.org/resource/Rolling_Stone'}}]}}"
40,"
ASK WHERE { <http://dbpedia.org/resource/USS_Marmora_(IX-189)> <http://dbpedia.org/property/shipBuilder> <http://dbpedia.org/resource/Seattle> }
","{'head': {'link': []}, 'boolean': True}"
41,"
ASK WHERE { <http://dbpedia.org/resource/Albania> <http://dbpedia.org/ontology/largestCity> <http://dbpedia.org/resource/Tirana> }
","{'head': {'link': []}, 'boolean': True}"
42,"
SELECT DISTINCT?uri WHERE {?x <http://dbpedia.org/ontology/related> <http://dbpedia.org/resource/Barq%27s_Beer>.?x <http://dbpedia.org/property/locationCity>?uri .?x <http://www.w3.org/1999/02/22-rdf-syntax-ns#type> <http://dbpedia.org/ontology/Beverage>}
","{'head': {'link': [], 'vars': ['uri']}, 'results': {'distinct': False, 'ordered': True, 'bindings': []}}"
43,"
SELECT DISTINCT?uri WHERE { <http://dbpedia.org/resource/Vostok_programmer> <http://dbpedia.org/ontology/associatedAstronaut>?uri.?uri <http://dbpedia.org/ontology/birthPlace>?uri2 }
","{'head': {'link': [], 'vars': ['uri']}, 'results': {'distinct': False, 'ordered': True, 'bindings': []}}"
44,"
SELECT DISTINCT COUNT(?uri) WHERE {?x <http://dbpedia.org/ontology/campus> <http://dbpedia.org/resource/Suburb>.?uri <http://dbpedia.org/property/education>?x . }
","{'head': {'link': [], 'vars': ['callret-0']}, 'results': {'distinct': False, 'ordered': True, 'bindings': [{'callret-0': {'type': 'typed-literal', 'datatype': 'http://www.w3.org/2001/XMLSchema#integer', 'value': '1120'}}]}}"
45,"
SELECT DISTINCT?uri WHERE { <http://dbpedia.org/resource/Whitney_Wistert> <http://dbpedia.org/property/debut>?uri. }
","{'head': {'link': [], 'vars': ['uri']}, 'results': {'distinct': False, 'ordered': True, 'bindings': []}}"
46,"
SELECT DISTINCT?uri WHERE {<http://dbpedia.org/resource/Dragimir_of_Travunia_and_Zachlumia> <http://dbpedia.org/property/majorShrine>?uri.?uri <http://www.w3.org/1999/02/22-rdf-syntax-ns#type> <http://dbpedia.org/ontology/Shrine>}
","{'head': {'link': [], 'vars': ['uri']}, 'results': {'distinct': False, 'ordered': True, 'bindings': []}}"
47,"
SELECT (COUNT(?uri) AS?count) WHERE {?uri <http://dbpedia.org/ontology/channel> <http://dbpedia.org/resource/Fox_Broadcasting_Company>.?uri <http://www.w3.org/1999/02/22-rdf-syntax-ns#type> <http://dbpedia.org/ontology/TelevisionShow>}
","{'head': {'link': [], 'vars': ['count']}, 'results': {'distinct': False, 'ordered': True, 'bindings': [{'count': {'type': 'typed-literal', 'datatype': 'http://www.w3.org/2001/XMLSchema#integer', 'value': '163'}}]}}"
48,"
SELECT DISTINCT?uri WHERE {?uri <http://dbpedia.org/property/mouthLocation> <http://dbpedia.org/resource/Arctic_Ocean>.?uri <http://dbpedia.org/property/mouthLocation> <http://dbpedia.org/resource/Laptev_Sea>.?uri <http://www.w3.org/1999/02/22-rdf-syntax-ns#type> <http://dbpedia.org/ontology/River> }
","{'head': {'link': [], 'vars': ['uri']}, 'results': {'distinct': False, 'ordered': True, 'bindings': [{'uri': {'type': 'uri', 'value': 'http://dbpedia.org/resource/Lena_River'}}]}}"
49,"
SELECT DISTINCT?uri WHERE {?uri <http://dbpedia.org/ontology/president> <http://dbpedia.org/resource/Chung_Il_Kwon>.?uri <http://www.w3.org/1999/02/22-rdf-syntax-ns#type> <http://dbpedia.org/ontology/War> }
","{'head': {'link': [], 'vars': ['uri']}, 'results': {'distinct': False, 'ordered': True, 'bindings': []}}"
50,"
SELECT DISTINCT?uri WHERE {?uri <http://dbpedia.org/property/birthPlace> <http://dbpedia.org/resource/Bryn_Mawr_Hospital>.?uri <http://www.w3.org/1999/02/22-rdf-syntax-ns#type> <http://dbpedia.org/ontology/Person>}
","{'head': {'link': [], 'vars': ['uri']}, 'results': {'distinct': False, 'ordered': True, 'bindings': []}}"
51,"
SELECT?faith?affiliation WHERE { 
  <http://dbpedia.org/resource/Ajith_Perera> <http://dbpedia.org/property/faith>?faith.
  <http://dbpedia.org/resource/Neungin_High_School> <http://dbpedia.org/property/religiousAffiliation>?affiliation.
}
","{'head': {'link': [], 'vars': ['faith', 'affiliation']}, 'results': {'distinct': False, 'ordered': True, 'bindings': []}}"
52,"
SELECT DISTINCT?uri WHERE {?x <http://dbpedia.org/property/role> <http://dbpedia.org/resource/Air_interdiction>.?uri <http://dbpedia.org/ontology/militaryUnit>?x . }
","{'head': {'link': [], 'vars': ['uri']}, 'results': {'distinct': False, 'ordered': True, 'bindings': [{'uri': {'type': 'uri', 'value': 'http://dbpedia.org/resource/Jefferson_J._DeBlanc'}}, {'uri': {'type': 'uri', 'value': 'http://dbpedia.org/resource/James_N._Cupp'}}, {'uri': {'type': 'uri', 'value': 'http://dbpedia.org/resource/Jerry_Coleman__Jerry_Coleman__1'}}, {'uri': {'type': 'uri', 'value': 'http://dbpedia.org/resource/Joe_Foss'}}, {'uri': {'type': 'uri', 'value': 'http://dbpedia.org/resource/John_Glenn'}}, {'uri': {'type': 'uri', 'value': 'http://dbpedia.org/resource/Lee_T._Lasseter'}}, {'uri': {'type': 'uri', 'value': 'http://dbpedia.org/resource/Henry_T._Elrod'}}, {'uri': {'type': 'uri', 'value': 'http://dbpedia.org/resource/John_F._Bolt'}}, {'uri': {'type': 'uri', 'value': 'http://dbpedia.org/resource/Kenneth_L._Reusser'}}, {'uri': {'type': 'uri', 'value': 'http://dbpedia.org/resource/Christopher_Magee_(fighter_pilot)'}}, {'uri': {'type': 'uri', 'value': 'http://dbpedia.org/resource/Robert_M._Hanson'}}, {'uri': {'type': 'uri', 'value': 'http://dbpedia.org/resource/Donald_Conroy'}}, {'uri': {'type': 'uri', 'value': 'http://dbpedia.org/resource/Siegfried_Betke'}}, {'uri': {'type': 'uri', 'value': 'http://dbpedia.org/resource/Rolf_Thomsen'}}, {'uri': {'type': 'uri', 'value': 'http://dbpedia.org/resource/Paul_Claas'}}, {'uri': {'type': 'uri', 'value': 'http://dbpedia.org/resource/Viktor_von_Loßberg'}}, {'uri': {'type': 'uri', 'value': 'http://dbpedia.org/resource/Rudolf_Schmidt_(Major)'}}, {'uri': {'type': 'uri', 'value': 'http://dbpedia.org/resource/Scott_Speicher'}}, {'uri': {'type': 'uri', 'value': 'http://dbpedia.org/resource/Kenneth_A._Walsh'}}, {'uri': {'type': 'uri', 'value': 'http://dbpedia.org/resource/James_E._Swett'}}, {'uri': {'type': 'uri', 'value': 'http://dbpedia.org/resource/Manuel_Rivera,_Jr.'}}, {'uri': {'type': 'uri', 'value': 'http://dbpedia.org/resource/Michael_J._Estocin'}}, {'uri': {'type': 'uri', 'value': 'http://dbpedia.org/resource/Edward_Robert_Sellstrom'}}, {'uri': {'type': 'uri', 'value': 'http://dbpedia.org/resource/Newton_Henry_Mason'}}, {'uri': {'type': 'uri', 'value': 'http://dbpedia.org/resource/William_Chesarek'}}, {'uri': {'type': 'uri', 'value': 'http://dbpedia.org/resource/Matt_Santos____1'}}, {'uri': {'type': 'uri', 'value': 'http://dbpedia.org/resource/Paul_G._Baker'}}, {'uri': {'type': 'uri', 'value': 'http://dbpedia.org/resource/Harold_John_Ellison'}}, {'uri': {'type': 'uri', 'value': 'http://dbpedia.org/resource/William_W._Creamer'}}, {'uri': {'type': 'uri', 'value': 'http://dbpedia.org/resource/William_C._Lawe'}}, {'uri': {'type': 'uri', 'value': 'http://dbpedia.org/resource/George_H._Gay,_Jr.'}}, {'uri': {'type': 'uri', 'value': 'http://dbpedia.org/resource/Henry_R._Kenyon,_Jr.'}}, {'uri': {'type': 'uri', 'value': 'http://dbpedia.org/resource/George_M._Campbell'}}, {'uri': {'type': 'uri', 'value': 'http://dbpedia.org/resource/Oswald_J._Gaynier'}}, {'uri': {'type': 'uri', 'value': 'http://dbpedia.org/resource/John_P._Gray'}}, {'uri': {'type': 'uri', 'value': 'http://dbpedia.org/resource/Jack_W._Wilke'}}, {'uri': {'type': 'uri', 'value': 'http://dbpedia.org/resource/Oliver_Mitchell'}}, {'uri': {'type': 'uri', 'value': 'http://dbpedia.org/resource/Dilbagh_Singh'}}, {'uri': {'type': 'uri', 'value': 'http://dbpedia.org/resource/Art_Nalls'}}]}}"
53,"
SELECT DISTINCT?uri WHERE {?uri <http://dbpedia.org/property/currentMembers> <http://dbpedia.org/resource/Insects_vs_Robots> } 
","{'head': {'link': [], 'vars': ['uri']}, 'results': {'distinct': False, 'ordered': True, 'bindings': []}}"
54,"
ASK WHERE { <http://dbpedia.org/resource/Ombla> <http://dbpedia.org/property/country>  <http://dbpedia.org/resource/Croatia> }
","{'head': {'link': []}, 'boolean': False}"
55,"
SELECT DISTINCT?uri WHERE {?x <http://dbpedia.org/property/homeTown> <http://dbpedia.org/resource/Greater_Napanee>.?x <http://www.w3.org/1999/02/22-rdf-syntax-ns#type> <http://dbpedia.org/ontology/Person>}
","{'head': {'link': [], 'vars': ['uri']}, 'results': {'distinct': False, 'ordered': True, 'bindings': [{}]}}"
56,"
SELECT DISTINCT?uri WHERE {?x <http://dbpedia.org/property/child> <http://dbpedia.org/resource/William_A_Purtell>.?x <http://dbpedia.org/property/deathPlace>?uri .?x <http://www.w3.org/1999/02-rdf-syntax-ns#type> <http://dbpedia.org/ontology/Person>}
","{'head': {'link': [], 'vars': ['uri']}, 'results': {'distinct': False, 'ordered': True, 'bindings': []}}"
57,"
SELECT DISTINCT?uri WHERE { <http://dbpedia.org/resource/Trn_Vit_Hng> <http://dbpedia.org/property/nationalTeam>?uri }
","{'head': {'link': [], 'vars': ['uri']}, 'results': {'distinct': False, 'ordered': True, 'bindings': []}}"
58,"
SELECT DISTINCT?uri WHERE {?x <http://dbpedia.org/property/designer>?uri.?x <http://dbpedia.org/property/owner> <http://dbpedia.org/resource/Renaissance_Center> }
","{'head': {'link': [], 'vars': ['uri']}, 'results': {'distinct': False, 'ordered': True, 'bindings': []}}"
59,"
 SELECT DISTINCT?uri WHERE { <http://dbpedia.org/resource/Joshua_A._Siegel> <http://dbpedia.org/property/almaMater>?uri } 
","{'head': {'link': [], 'vars': ['uri']}, 'results': {'distinct': False, 'ordered': True, 'bindings': []}}"
60,"
SELECT DISTINCT COUNT(?uri) WHERE {?uri <http://dbpedia.org/ontology/author> <http://dbpedia.org/resource/Novelas_Ejemplares> .?uri <http://www.w3.org/1999/02#type> <http://dbpedia.org/ontology/Book>}
","{'head': {'link': [], 'vars': ['callret-0']}, 'results': {'distinct': False, 'ordered': True, 'bindings': [{'callret-0': {'type': 'typed-literal', 'datatype': 'http://www.w3.org/2001/XMLSchema#integer', 'value': '0'}}]}}"
61,"
SELECT DISTINCT?uri WHERE {?uri <http://dbpedia.org/ontology/sourcePlace> <http://dbpedia.org/resource/Essex>.?uri <http://www.w3.org/1999/02/22-rdf-syntax-ns#type> <http://dbpedia.org/ontology/River>}
","{'head': {'link': [], 'vars': ['uri']}, 'results': {'distinct': False, 'ordered': True, 'bindings': []}}"
62,"
SELECT DISTINCT?uri WHERE {?uri <http://dbpedia.org/ontology/foundationPlace> <http://dbpedia.org/resource/Taiwan>.?uri <http://www.w3.org/1999/02/22-rdf-syntax-ns#type> <http://dbpedia.org/ontology/Company>}
","{'head': {'link': [], 'vars': ['uri']}, 'results': {'distinct': False, 'ordered': True, 'bindings': [{'uri': {'type': 'uri', 'value': 'http://dbpedia.org/resource/Runewaker_Entertainment'}}, {'uri': {'type': 'uri', 'value': 'http://dbpedia.org/resource/Silicon_Power'}}, {'uri': {'type': 'uri', 'value': 'http://dbpedia.org/resource/Gold_Apollo_Co.,_Ltd.'}}, {'uri': {'type': 'uri', 'value': 'http://dbpedia.org/resource/Microlife_Corporation'}}, {'uri': {'type': 'uri', 'value': 'http://dbpedia.org/resource/Taiwan_Financial_Holdings_Group'}}, {'uri': {'type': 'uri', 'value': 'http://dbpedia.org/resource/MIPRO'}}, {'uri': {'type': 'uri', 'value': 'http://dbpedia.org/resource/Ting_Hsin_International_Group'}}, {'uri': {'type': 'uri', 'value': 'http://dbpedia.org/resource/Global_Unichip_Corporation'}}, {'uri': {'type': 'uri', 'value': 'http://dbpedia.org/resource/Giant_Bicycles'}}, {'uri': {'type': 'uri', 'value': 'http://dbpedia.org/resource/Mapex_Drums'}}, {'uri': {'type': 'uri', 'value': 'http://dbpedia.org/resource/Farmers_Bank_of_China'}}, {'uri': {'type': 'uri', 'value': 'http://dbpedia.org/resource/Infortrend'}}, {'uri': {'type': 'uri', 'value': 'http://dbpedia.org/resource/Ever_Glory_Publishing'}}, {'uri': {'type': 'uri', 'value': 'http://dbpedia.org/resource/Sharp_Point_Press'}}, {'uri': {'type': 'uri', 'value': 'http://dbpedia.org/resource/TSMC'}}, {'uri': {'type': 'uri', 'value': 'http://dbpedia.org/resource/Bank_of_China'}}, {'uri': {'type': 'uri', 'value': 'http://dbpedia.org/resource/Compal_Electronics'}}, {'uri': {'type': 'uri', 'value': 'http://dbpedia.org/resource/Chatime'}}, {'uri': {'type': 'uri', 'value': 'http://dbpedia.org/resource/KMC_Chain_Industrial'}}, {'uri': {'type': 'uri', 'value': 'http://dbpedia.org/resource/Phonic_Corporation'}}, {'uri': {'type': 'uri', 'value': 'http://dbpedia.org/resource/Johnson_Health_Tech'}}]}}"
63,"
ASK WHERE { <http://dbpedia.org/resource/Sunrise_(HIMYM)> <http://dbpedia.org/ontology/guestStar>  <http://dbpedia.org/resource/Timm_Gunn> }
","{'head': {'link': []}, 'boolean': False}"
64,"
SELECT DISTINCT?uri WHERE {?x <http://dbpedia.org/property/name> ""Stanford Cardinal"".?x <http://dbpedia.org/property/university>?uri. }
UNION
SELECT DISTINCT?uri WHERE {?x <http://dbpedia.org/property/name> ""Gerald Reaven"".?x <http://dbpedia.org/property/university>?uri. }
","['output error: QueryBadFormed: A bad request has been sent to the endpoint: probably the SPARQL query is badly formed. \n\nResponse:\nb\'Virtuoso 37000 Error SP030: SPARQL compiler, line 5: syntax error at \\\'UNION\\\' before \\\'SELECT\\\'\\n\\nSPARQL query:\\ndefine sql:big-data-const 0\\n#output-format:application/sparql-results+json\\n\\nSELECT DISTINCT?uri WHERE {?x <http://dbpedia.org/property/name> ""Stanford Cardinal"".?x <http://dbpedia.org/property/university>?uri. }\\nUNION\\nSELECT DISTINCT?uri WHERE {?x <http://dbpedia.org/property/name> ""Gerald Reaven"".?x <http://dbpedia.org/property/university>?uri. }\\n\'']"
65,"
 SELECT DISTINCT?uri WHERE { <http://dbpedia.org/resource/David_W._Brown_House> <http://dbpedia.org/property/nearestCity>?uri } 
","{'head': {'link': [], 'vars': ['uri']}, 'results': {'distinct': False, 'ordered': True, 'bindings': [{'uri': {'type': 'uri', 'value': 'http://dbpedia.org/resource/Colorado'}}, {'uri': {'type': 'uri', 'value': 'http://dbpedia.org/resource/Arapahoe_County,_Colorado'}}, {'uri': {'type': 'uri', 'value': 'http://dbpedia.org/resource/Englewood,_Colorado'}}]}}"
66,"
 SELECT DISTINCT?uri WHERE { <http://dbpedia.org/resource/Deion_Sanders> <http://dbpedia.org/property/debut>?uri } 
","{'head': {'link': [], 'vars': ['uri']}, 'results': {'distinct': False, 'ordered': True, 'bindings': []}}"
67,"
SELECT DISTINCT?uri WHERE {?x <http://dbpedia.org/ontology/nearestCity> <http://dbpedia.org/resource/Fountain_Lake_Farm>.?x <http://www.w3.org/1999/02-rdf-syntax-ns#type> <http://dbpedia.org/ontology/City>}
","{'head': {'link': [], 'vars': ['uri']}, 'results': {'distinct': False, 'ordered': True, 'bindings': []}}"
68,"
SELECT DISTINCT?uri WHERE {?uri <http://dbpedia.org/property/characters> <http://dbpedia.org/resource/Batman>. }
","{'head': {'link': [], 'vars': ['uri']}, 'results': {'distinct': False, 'ordered': True, 'bindings': [{'uri': {'type': 'uri', 'value': 'http://dbpedia.org/resource/Batman_Live'}}, {'uri': {'type': 'uri', 'value': 'http://dbpedia.org/resource/List_of_DC_Comics_characters_named_Batman'}}]}}"
69,"
SELECT DISTINCT?uri WHERE {?uri <http://dbpedia.org/property/training> <http://dbpedia.org/resource/San_Francisco_Art_Institute>.?uri <http://www.w3.org/1999/02/22-rdf-syntax-ns#type> <http://dbpedia.org/ontology/Artist>}
","{'head': {'link': [], 'vars': ['uri']}, 'results': {'distinct': False, 'ordered': True, 'bindings': [{'uri': {'type': 'uri', 'value': 'http://dbpedia.org/resource/Peter_Forakis'}}, {'uri': {'type': 'uri', 'value': 'http://dbpedia.org/resource/Carlos_Vierra'}}, {'uri': {'type': 'uri', 'value': 'http://dbpedia.org/resource/Robert_Graham_(sculptor)'}}, {'uri': {'type': 'uri', 'value': 'http://dbpedia.org/resource/Thom_Merrick'}}, {'uri': {'type': 'uri', 'value': 'http://dbpedia.org/resource/William_T._Wiley'}}, {'uri': {'type': 'uri', 'value': 'http://dbpedia.org/resource/Jim_Franklin_(artist)'}}, {'uri': {'type': 'uri', 'value': 'http://dbpedia.org/resource/Helen_Hyde'}}, {'uri': {'type': 'uri', 'value': 'http://dbpedia.org/resource/Reminisce_(artist)'}}, {'uri': {'type': 'uri', 'value': 'http://dbpedia.org/resource/James_Zar'}}, {'uri': {'type': 'uri', 'value': 'http://dbpedia.org/resource/Robert_H._Hudson'}}, {'uri': {'type': 'uri', 'value': 'http://dbpedia.org/resource/Ernest_Peixotto'}}, {'uri': {'type': 'uri', 'value': 'http://dbpedia.org/resource/Ralph_Stackpole'}}, {'uri': {'type': 'uri', 'value': 'http://dbpedia.org/resource/Tullio_DeSantis'}}, {'uri': {'type': 'uri', 'value': 'http://dbpedia.org/resource/Ray_Strong'}}, {'uri': {'type': 'uri', 'value': 'http://dbpedia.org/resource/Lin_Evola'}}, {'uri': {'type': 'uri', 'value': 'http://dbpedia.org/resource/Michael_Heizer'}}, {'uri': {'type': 'uri', 'value': 'http://dbpedia.org/resource/T._C._Cannon'}}, {'uri': {'type': 'uri', 'value': 'http://dbpedia.org/resource/Ronnie_Landfield'}}, {'uri': {'type': 'uri', 'value': 'http://dbpedia.org/resource/Jason_Rhoades'}}, {'uri': {'type': 'uri', 'value': 'http://dbpedia.org/resource/Paul_McCarthy'}}, {'uri': {'type': 'uri', 'value': 'http://dbpedia.org/resource/Gregory_Gillespie'}}, {'uri': {'type': 'uri', 'value': 'http://dbpedia.org/resource/Karl_Kasten'}}, {'uri': {'type': 'uri', 'value': 'http://dbpedia.org/resource/Annie_Leibovitz'}}, {'uri': {'type': 'uri', 'value': 'http://dbpedia.org/resource/Gladys_Rockmore_Davis'}}, {'uri': {'type': 'uri', 'value': 'http://dbpedia.org/resource/Joan_Brown'}}, {'uri': {'type': 'uri', 'value': 'http://dbpedia.org/resource/Peter_Kovál'}}, {'uri': {'type': 'uri', 'value': 'http://dbpedia.org/resource/Manuel_Neri'}}, {'uri': {'type': 'uri', 'value': 'http://dbpedia.org/resource/Peter_Reginato'}}, {'uri': {'type': 'uri', 'value': 'http://dbpedia.org/resource/Ronald_Davis'}}, {'uri': {'type': 'uri', 'value': 'http://dbpedia.org/resource/Sarah_Cain'}}, {'uri': {'type': 'uri', 'value': 'http://dbpedia.org/resource/Daniela_Franco'}}, {'uri': {'type': 'uri', 'value': 'http://dbpedia.org/resource/Emily_Carr'}}, {'uri': {'type': 'uri', 'value': 'http://dbpedia.org/resource/Jess_Collins'}}, {'uri': {'type': 'uri', 'value': 'http://dbpedia.org/resource/Victor_Moscoso'}}, {'uri': {'type': 'uri', 'value': 'http://dbpedia.org/resource/Arthur_Frank_Mathews'}}, {'uri': {'type': 'uri', 'value': 'http://dbpedia.org/resource/Deborah_Remington'}}, {'uri': {'type': 'uri', 'value': 'http://dbpedia.org/resource/Neil_Williams_(artist)'}}, {'uri': {'type': 'uri', 'value': 'http://dbpedia.org/resource/Lynn_Marie_Kirby'}}, {'uri': {'type': 'uri', 'value': 'http://dbpedia.org/resource/Carlos_Villa'}}, {'uri': {'type': 'uri', 'value': 'http://dbpedia.org/resource/Edith_Heath'}}, {'uri': {'type': 'uri', 'value': 'http://dbpedia.org/resource/Adelaide_Hanscom_Leeson'}}, {'uri': {'type': 'uri', 'value': 'http://dbpedia.org/resource/Vena_Kava'}}, {'uri': {'type': 'uri', 'value': 'http://dbpedia.org/resource/Doris_Lee'}}, {'uri': {'type': 'uri', 'value': 'http://dbpedia.org/resource/Walter_Kuhlman'}}]}}"
70,"
 SELECT DISTINCT?uri WHERE { <http://dbpedia.org/resource/Ford_Kansas_City_Assembly_Plant> <http://dbpedia.org/ontology/owningOrganisation>?uri. <http://dbpedia.org/resource/Ford_Y-block_engine> <http://dbpedia.org/ontology/builder>?uri} 
","{'head': {'link': [], 'vars': ['uri']}, 'results': {'distinct': False, 'ordered': True, 'bindings': []}}"
71,"
SELECT DISTINCT?uri WHERE {?uri <http://dbpedia.org/ontology/currency> <http://dbpedia.org/resource/Aureus> .?uri <http://www.w3.org/1999ntax-ns#type> <http://dbpedia.org/ontology/Country>}
","{'head': {'link': [], 'vars': ['uri']}, 'results': {'distinct': False, 'ordered': True, 'bindings': []}}"
72,"
SELECT DISTINCT?uri WHERE {?uri <http://dbpedia.org/property/awards> <http://dbpedia.org/resource/A._Peter_Dewey>. }
","{'head': {'link': [], 'vars': ['uri']}, 'results': {'distinct': False, 'ordered': True, 'bindings': []}}"
73,"
SELECT DISTINCT COUNT(?uri) WHERE {?x <http://dbpedia.org/property/sisterNames> <http://dbpedia.org/resource/Cartoonite>.?uri <http://dbpedia.org/property/network>?x .?uri <http://www.w3.org/1999/02/22-rdbpedia.org/ontology/type> <http://dbpedia.org/ontology/TelevisionShow>}
","{'head': {'link': [], 'vars': ['callret-0']}, 'results': {'distinct': False, 'ordered': True, 'bindings': [{'callret-0': {'type': 'typed-literal', 'datatype': 'http://www.w3.org/2001/XMLSchema#integer', 'value': '0'}}]}}"
74,"
SELECT DISTINCT?uri WHERE {?uri <http://dbpedia.org/property/developer> <http://dbpedia.org/resource/John_Fanning_(businessman)> .?uri <http://www.w3.org/1999/02/22-rdf-syntax-ns#type>?type. FILTER (strstarts(str(?type), ""http://dbpedia.org/ontology/""))}
","{'head': {'link': [], 'vars': ['uri']}, 'results': {'distinct': False, 'ordered': True, 'bindings': [{'uri': {'type': 'uri', 'value': 'http://dbpedia.org/resource/Napster'}}]}}"
75,"
SELECT (COUNT(?uri) AS?count) WHERE { <http://dbpedia.org/resource/Muhammad_Yunus> <http://dbpedia.org/ontology/award>?uri } 
","{'head': {'link': [], 'vars': ['count']}, 'results': {'distinct': False, 'ordered': True, 'bindings': [{'count': {'type': 'typed-literal', 'datatype': 'http://www.w3.org/2001/XMLSchema#integer', 'value': '9'}}]}}"
76,"
SELECT DISTINCT?uri WHERE {?uri <http://dbpedia.org/property/label> <http://dbpedia.org/resource/Motown>.?uri <http://www.w3.org/1999/02/22-rdf-syntax-ns#type> <http://dbpedia.org/ontology/Band>}
","{'head': {'link': [], 'vars': ['uri']}, 'results': {'distinct': False, 'ordered': True, 'bindings': [{'uri': {'type': 'uri', 'value': 'http://dbpedia.org/resource/Mazarati'}}, {'uri': {'type': 'uri', 'value': 'http://dbpedia.org/resource/The_Originals_(band)'}}, {'uri': {'type': 'uri', 'value': 'http://dbpedia.org/resource/The_Monitors_(American_band)'}}, {'uri': {'type': 'uri', 'value': 'http://dbpedia.org/resource/Apollo_(quintet)'}}, {'uri': {'type': 'uri', 'value': 'http://dbpedia.org/resource/Shades_(band)'}}, {'uri': {'type': 'uri', 'value': 'http://dbpedia.org/resource/The_Elgins'}}, {'uri': {'type': 'uri', 'value': 'http://dbpedia.org/resource/The_Boys_(American_band)'}}, {'uri': {'type': 'uri', 'value': 'http://dbpedia.org/resource/The_Good_Girls'}}, {'uri': {'type': 'uri', 'value': 'http://dbpedia.org/resource/The_Fantastic_Four_(band)'}}, {'uri': {'type': 'uri', 'value': 'http://dbpedia.org/resource/The_Underdogs_(American_band)'}}, {'uri': {'type': 'uri', 'value': 'http://dbpedia.org/resource/Commodores'}}, {'uri': {'type': 'uri', 'value': 'http://dbpedia.org/resource/The_5th_Dimension'}}, {'uri': {'type': 'uri', 'value': 'http://dbpedia.org/resource/The_Andantes'}}, {'uri': {'type': 'uri', 'value': 'http://dbpedia.org/resource/Profyle'}}, {'uri': {'type': 'uri', 'value': 'http://dbpedia.org/resource/Zhané'}}, {'uri': {'type': 'uri', 'value': 'http://dbpedia.org/resource/Boogie_On_Reggae_Woman'}}, {'uri': {'type': 'uri', 'value': ""http://dbpedia.org/resource/You_Haven't_Done_Nothin'""}}, {'uri': {'type': 'uri', 'value': 'http://dbpedia.org/resource/Stoney_&_Meatloaf_(band)'}}, {'uri': {'type': 'uri', 'value': 'http://dbpedia.org/resource/Switch_(band)'}}, {'uri': {'type': 'uri', 'value': 'http://dbpedia.org/resource/Bloodstone_(band)'}}, {'uri': {'type': 'uri', 'value': 'http://dbpedia.org/resource/Four_Tops'}}, {'uri': {'type': 'uri', 'value': 'http://dbpedia.org/resource/Martha_and_the_Vandellas'}}, {'uri': {'type': 'uri', 'value': 'http://dbpedia.org/resource/The_Four_Seasons_(band)'}}, {'uri': {'type': 'uri', 'value': 'http://dbpedia.org/resource/The_Isley_Brothers'}}, {'uri': {'type': 'uri', 'value': 'http://dbpedia.org/resource/The_Supremes'}}, {'uri': {'type': 'uri', 'value': 'http://dbpedia.org/resource/Wilson_Pickett'}}, {'uri': {'type': 'uri', 'value': 'http://dbpedia.org/resource/By_All_Means'}}, {'uri': {'type': 'uri', 'value': 'http://dbpedia.org/resource/Gary_Byrd_and_the_GB_Experience'}}, {'uri': {'type': 'uri', 'value': 'http://dbpedia.org/resource/Warp_9'}}, {'uri': {'type': 'uri', 'value': 'http://dbpedia.org/resource/Wreckx-n-Effect'}}, {'uri': {'type': 'uri', 'value': 'http://dbpedia.org/resource/702_(group)'}}, {'uri': {'type': 'uri', 'value': 'http://dbpedia.org/resource/The_Marvelettes'}}, {'uri': {'type': 'uri', 'value': 'http://dbpedia.org/resource/James_Davis_(musical_group)'}}, {'uri': {'type': 'uri', 'value': 'http://dbpedia.org/resource/Edwin_Starr'}}, {'uri': {'type': 'uri', 'value': 'http://dbpedia.org/resource/98_Degrees'}}, {'uri': {'type': 'uri', 'value': 'http://dbpedia.org/resource/Scissor_Sisters'}}, {'uri': {'type': 'uri', 'value': 'http://dbpedia.org/resource/Rare_Earth_(band)'}}, {'uri': {'type': 'uri', 'value': 'http://dbpedia.org/resource/Ashford_&_Simpson'}}, {'uri': {'type': 'uri', 'value': 'http://dbpedia.org/resource/Mary_Jane_Girls'}}, {'uri': {'type': 'uri', 'value': 'http://dbpedia.org/resource/The_Contours'}}, {'uri': {'type': 'uri', 'value': 'http://dbpedia.org/resource/The_Emotions'}}, {'uri': {'type': 'uri', 'value': 'http://dbpedia.org/resource/The_Velvelettes'}}, {'uri': {'type': 'uri', 'value': 'http://dbpedia.org/resource/B5_(group)'}}, {'uri': {'type': 'uri', 'value': 'http://dbpedia.org/resource/General_Caine'}}, {'uri': {'type': 'uri', 'value': 'http://dbpedia.org/resource/Ozone_(American_band)'}}, {'uri': {'type': 'uri', 'value': 'http://dbpedia.org/resource/Dazz_Band'}}, {'uri': {'type': 'uri', 'value': 'http://dbpedia.org/resource/The_Pretty_Things'}}, {'uri': {'type': 'uri', 'value': 'http://dbpedia.org/resource/The_Miracles'}}, {'uri': {'type': 'uri', 'value': 'http://dbpedia.org/resource/The_Funk_Brothers'}}, {'uri': {'type': 'uri', 'value': 'http://dbpedia.org/resource/The_Pointer_Sisters'}}, {'uri': {'type': 'uri', 'value': 'http://dbpedia.org/resource/Today_(group)'}}, {'uri': {'type': 'uri', 'value': 'http://dbpedia.org/resource/San_Remo_Golden_Strings'}}, {'uri': {'type': 'uri', 'value': 'http://dbpedia.org/resource/Rottin_Razkals'}}, {'uri': {'type': 'uri', 'value': 'http://dbpedia.org/resource/The_Mynah_Birds'}}, {'uri': {'type': 'uri', 'value': 'http://dbpedia.org/resource/Bless_You_(Martha_and_the_Vandellas_song)'}}, {'uri': {'type': 'uri', 'value': 'http://dbpedia.org/resource/High_Inergy'}}, {'uri': {'type': 'uri', 'value': 'http://dbpedia.org/resource/DeBarge_family'}}]}}"
77,"
SELECT DISTINCT?uri WHERE {?x <http://dbpedia.org/ontology/composer> <http://dbpedia.org/resource/Emil_Dean_Zoghby>.?x <http://dbpedia.org/ontology/author>?uri .?x <http://www.w3.org/1999/02/22-rdf-syntax-ns#type> <http://dbpedia.org/ontology/Musical>}
","{'head': {'link': [], 'vars': ['uri']}, 'results': {'distinct': False, 'ordered': True, 'bindings': []}}"
78,None,"['output error: QueryBadFormed: A bad request has been sent to the endpoint: probably the SPARQL query is badly formed. \n\nResponse:\nb""Virtuoso 37000 Error SP030: SPARQL compiler, line 3: syntax error at \'None\' before \'}\'\\n\\nSPARQL query:\\ndefine sql:big-data-const 0\\n#output-format:application/sparql-results+json\\nNone""']"
79,"
SELECT DISTINCT?uri WHERE { <http://dbpedia.org/resource/Kwai_Chang-Caine> <http://dbpedia.org/ontology/religion>?uri. }
","{'head': {'link': [], 'vars': ['uri']}, 'results': {'distinct': False, 'ordered': True, 'bindings': []}}"
80,"
SELECT DISTINCT?uri WHERE {?uri <http://dbpedia.org/property/relatives>?x.?x <http://dbpedia.org/property/relatives> <http://dbpedia.org/resource/Kelly_Osbourne>.?x <http://dbpedia.org/property/relatives> <http://dbpedia.org/resource/Ozzy_Osbourne>. }
","{'head': {'link': [], 'vars': ['uri']}, 'results': {'distinct': False, 'ordered': True, 'bindings': []}}"
81,"
SELECT DISTINCT?uri WHERE { <http://dbpedia.org/resource/Pullaiahgaripalli> <http://dbpedia.org/property/leaderTitle>?x.?x <http://dbpedia.org/property/houses>?uri .?x <http://www.w3.org/1999/02/22-rdf-syntax-ns#type> <http://dbpedia.org/ontology/Legislature>}
","{'head': {'link': [], 'vars': ['uri']}, 'results': {'distinct': False, 'ordered': True, 'bindings': [{'uri': {'type': 'uri', 'value': 'http://dbpedia.org/resource/Lok_Sabha'}}, {'uri': {'type': 'uri', 'value': 'http://dbpedia.org/resource/Rajya_Sabha'}}]}}"
82,"
SELECT?uri WHERE { <http://dbpedia.org/resource/Daund_Junction_railway_station> <http://dbpedia.org/ontology/servingRailwayLine>?uri. <http://dbpedia.org/resource/99_(2009_film)> <http://dbpedia.org/ontology/filmingLocation>?uri. }
","{'head': {'link': [], 'vars': ['uri']}, 'results': {'distinct': False, 'ordered': True, 'bindings': []}}"
83,"
SELECT DISTINCT?uri WHERE { <http://dbpedia.org/resource/Riley_Reid> <http://dbpedia.org/property/ethnicity>?uri } 
","{'head': {'link': [], 'vars': ['uri']}, 'results': {'distinct': False, 'ordered': True, 'bindings': [{'uri': {'type': 'uri', 'value': 'http://dbpedia.org/resource/Chickasaw'}}, {'uri': {'type': 'uri', 'value': 'http://dbpedia.org/resource/Puerto_Ricans_in_the_United_States'}}, {'uri': {'type': 'uri', 'value': 'http://dbpedia.org/resource/Cherokee'}}, {'uri': {'type': 'uri', 'value': 'http://dbpedia.org/resource/Dominican_Americans_(Dominican_Republic)'}}, {'uri': {'type': 'uri', 'value': 'http://dbpedia.org/resource/Irish_Americans'}}, {'uri': {'type': 'uri', 'value': 'http://dbpedia.org/resource/German_Americans'}}, {'uri': {'type': 'uri', 'value': 'http://dbpedia.org/resource/Dutch_Americans'}}]}}"
84,"
SELECT DISTINCT?uri WHERE {?x <http://dbpedia.org/property/subsidiary> <http://dbpedia.org/resource/Viacom_Productions>.?uri <http://dbpedia.org/property/company>?x .?uri <http://www.w3.org/1999/02/22-rdf-syntax-ns#type> <http://dbpedia.org/ontology/TelevisionShow>}
","{'head': {'link': [], 'vars': ['uri']}, 'results': {'distinct': False, 'ordered': True, 'bindings': []}}"
85,"
SELECT DISTINCT?uri WHERE {?uri <http://dbpedia.org/ontology/leader> <http://dbpedia.org/resource/Giuseppe_Bertello>.?uri <http://dbpedia.org/ontology/leader> <http://dbpedia.org/resource/Pietro_Parolin> }
","{'head': {'link': [], 'vars': ['uri']}, 'results': {'distinct': False, 'ordered': True, 'bindings': [{'uri': {'type': 'uri', 'value': 'http://dbpedia.org/resource/Vatican_City'}}]}}"
86,"
SELECT DISTINCT?uri WHERE {?uri <http://dbpedia.org/ontology/campus> <http://dbpedia.org/resource/Mount_Moosilauke>.?uri <http://www.w3.org/1999/02#type> <http://dbpedia.org/ontology/University>}
","{'head': {'link': [], 'vars': ['uri']}, 'results': {'distinct': False, 'ordered': True, 'bindings': []}}"
87,"
SELECT (COUNT(DISTINCT?uri) AS?count) WHERE { <http://dbpedia.org/resource/Sanggar_Agung> <http://dbpedia.org/property/religion>?uri. }
","{'head': {'link': [], 'vars': ['count']}, 'results': {'distinct': False, 'ordered': True, 'bindings': [{'count': {'type': 'typed-literal', 'datatype': 'http://www.w3.org/2001/XMLSchema#integer', 'value': '0'}}]}}"
88,"
SELECT (COUNT(?uri) AS?count) WHERE {?uri <http://dbpedia.org/property/programmingLanguage> <http://dbpedia.org/resource/C++> }
","{'head': {'link': [], 'vars': ['count']}, 'results': {'distinct': False, 'ordered': True, 'bindings': [{'count': {'type': 'typed-literal', 'datatype': 'http://www.w3.org/2001/XMLSchema#integer', 'value': '1003'}}]}}"
89,"
 SELECT DISTINCT?garrison?line WHERE { <http://dbpedia.org/resource/Western_Naval_Command> <http://dbpedia.org/property/garrison>?garrison. <http://dbpedia.org/resource/Vadodara_Junction_railway_station> <http://dbpedia.org/property/line>?line } 
","{'head': {'link': [], 'vars': ['garrison', 'line']}, 'results': {'distinct': False, 'ordered': True, 'bindings': [{'garrison': {'type': 'uri', 'value': 'http://dbpedia.org/resource/Maharashtra'}, 'line': {'type': 'uri', 'value': 'http://dbpedia.org/resource/Mumbai'}}, {'garrison': {'type': 'uri', 'value': 'http://dbpedia.org/resource/Maharashtra'}, 'line': {'type': 'uri', 'value': 'http://dbpedia.org/resource/Chhota_Udaipur'}}, {'garrison': {'type': 'uri', 'value': 'http://dbpedia.org/resource/Maharashtra'}, 'line': {'type': 'uri', 'value': 'http://dbpedia.org/resource/New_Delhi'}}, {'garrison': {'type': 'uri', 'value': 'http://dbpedia.org/resource/Maharashtra'}, 'line': {'type': 'uri', 'value': 'http://dbpedia.org/resource/Vadodara'}}, {'garrison': {'type': 'uri', 'value': 'http://dbpedia.org/resource/Maharashtra'}, 'line': {'type': 'uri', 'value': 'http://dbpedia.org/resource/Ahmedabad'}}, {'garrison': {'type': 'uri', 'value': 'http://dbpedia.org/resource/Mumbai'}, 'line': {'type': 'uri', 'value': 'http://dbpedia.org/resource/Mumbai'}}, {'garrison': {'type': 'uri', 'value': 'http://dbpedia.org/resource/Mumbai'}, 'line': {'type': 'uri', 'value': 'http://dbpedia.org/resource/Chhota_Udaipur'}}, {'garrison': {'type': 'uri', 'value': 'http://dbpedia.org/resource/Mumbai'}, 'line': {'type': 'uri', 'value': 'http://dbpedia.org/resource/New_Delhi'}}, {'garrison': {'type': 'uri', 'value': 'http://dbpedia.org/resource/Mumbai'}, 'line': {'type': 'uri', 'value': 'http://dbpedia.org/resource/Vadodara'}}, {'garrison': {'type': 'uri', 'value': 'http://dbpedia.org/resource/Mumbai'}, 'line': {'type': 'uri', 'value': 'http://dbpedia.org/resource/Ahmedabad'}}]}}"
90,"
SELECT DISTINCT?uri WHERE {?x <http://dbpedia.org/property/owner> <http://dbpedia.org/resource/Steve_Holland>.?x <http://dbpedia.org/ontology/owner>?uri .?x <http://www.w3.org/1999/02/22-rdf-syntax-ns#type> <http://dbpedia.org/ontology/SoccerClub>}
","{'head': {'link': [], 'vars': ['uri']}, 'results': {'distinct': False, 'ordered': True, 'bindings': []}}"
91,"
SELECT DISTINCT?uri WHERE { <http://dbpedia.org/resource/2014–15_Panionios_G.S.S._season> <http://dbpedia.org/property/stadium>?uri.?uri <http://dbpedia.org/ontology/location>?location.?location <http://dbpedia.org/ontology/coordinates>?coord. FILTER (str(?coord) = ""37.9794"" && str(?coord) = ""23.7662"")}
","{'head': {'link': [], 'vars': ['uri']}, 'results': {'distinct': False, 'ordered': True, 'bindings': []}}"
92,"
ASK WHERE { <http://dbpedia.org/resource/Don%27t_Bring_Me_Down> <http://dbpedia.org/property/recorded>  <http://dbpedia.org/resource/West_Germany> }
","{'head': {'link': []}, 'boolean': False}"
93,"
SELECT DISTINCT?uri WHERE {?x <http://dbpedia.org/property/source> <http://dbpedia.org/resource/Montauk_State_Park>.?x <http://dbpedia.org/ontology/city>?uri .?uri <http://www.w3.org/1999ns#type> <http://dbpedia.org/ontology/City>}
","{'head': {'link': [], 'vars': ['uri']}, 'results': {'distinct': False, 'ordered': True, 'bindings': []}}"
94,"
SELECT (COUNT(DISTINCT?uri) AS?count) WHERE { <http://dbpedia.org/resource/Boonchu_Rojanastien> <http://dbpedia.org/property/party>?x.?x <http://dbpedia.org/ontology/ideology>?uri . }
","{'head': {'link': [], 'vars': ['count']}, 'results': {'distinct': False, 'ordered': True, 'bindings': [{'count': {'type': 'typed-literal', 'datatype': 'http://www.w3.org/2001/XMLSchema#integer', 'value': '8'}}]}}"
95,"
SELECT DISTINCT?uri WHERE { <http://dbpedia.org/resource/PLUS_Helicopter_Services> <http://dbpedia.org/property/hubs>?uri } 
","{'head': {'link': [], 'vars': ['uri']}, 'results': {'distinct': False, 'ordered': True, 'bindings': []}}"
96,"
SELECT DISTINCT?movie WHERE {?movie <http://dbpedia.org/ontology/musicComposer> <http://dbpedia.org/resource/Geoffrey_Burgon>.?movie <http://dbpedia.org/ontology/distributor> <http://dbpedia.org/resource/Cinema_International_Corporation>.?movie <http://www.w3.org/1999/02/22-rdf-syntax-ns#type> <http://dbpedia.org/ontology/Film>}
","{'head': {'link': [], 'vars': ['movie']}, 'results': {'distinct': False, 'ordered': True, 'bindings': [{'movie': {'type': 'uri', 'value': ""http://dbpedia.org/resource/Monty_Python's_Life_of_Brian""}}]}}"
97,"
ASK WHERE { <http://dbpedia.org/resource/Henry_David_Thoreau> <http://dbpedia.org/property/interests> <http://dbpedia.org/resource/Politics> }
","{'head': {'link': []}, 'boolean': False}"
98,"
SELECT DISTINCT?uri WHERE {?uri <http://dbpedia.org/property/keyPeople> <http://dbpedia.org/resource/Dennis_Muilenburg>.?uri <http://dbpedia.org/ontology/product> <http://dbpedia.org/resource/Boeing_CH-47_Chinook> .?uri <http://www.w3.org/1999/02/22-rdf-syntax-ns#type> <http://dbpedia.org/ontology/Company>}
","{'head': {'link': [], 'vars': ['uri']}, 'results': {'distinct': False, 'ordered': True, 'bindings': [{'uri': {'type': 'uri', 'value': 'http://dbpedia.org/resource/Boeing'}}]}}"
99,"
SELECT DISTINCT?uri WHERE {?uri <http://dbpedia.org/ontology/leader> <http://dbpedia.org/resource/Giuseppe_Bertello>.?uri <http://www.w3.org/1999/02/22-rdf-syntax-ns#type> <http://dbpedia.org/ontology/Country>}
","{'head': {'link': [], 'vars': ['uri']}, 'results': {'distinct': False, 'ordered': True, 'bindings': [{'uri': {'type': 'uri', 'value': 'http://dbpedia.org/resource/Vatican_City'}}]}}"
